"LotNum","DrawNum","Description","SumTranQTY","SumQtyCompleted","PhaseID","SumAQLAttributed","SUMAQLAmountUpperLim"
NV11719,"1958002",Reline Cervical Clip Ring Formed,1236.00000000,31004.00000000,Clip,41.830503,1017.00000000
NV11710,"1958003","Load Ring, Reline Cervical Polyaxial Screw",1232.00000000,50051.00000000,Load,47.414553,853.00000000
NV11733,"1958050","3.5 x 10mm Reline Cervical Polyaxial Screw Shank",1236.00000000,3678.00000000,Shank,148.015604,451.00000000
NV11686,"1958001",Posterior Cervical Stabilization FA Tulip,1281.00000000,16411.00000000,Tulip,62.534874,814.00000000
