"LotNum","DrawNum","Description","SumTranQTY","SumQtyCompleted","PhaseID","SumAQLAttributed","SUMAQLAmountUpperLim"
NV14220,"1906675",RELINE CERVICAL CLIP RING FORMED,2776.00000000,30659.00000000,Clip,91.217661,972.00000000
NV14219,"1906670",RELINE CERVICAL POLYAXIAL SCREW LOAD RING,2776.00000000,31861.00000000,Load,85.894671,986.00000000
NV14221,"1906XXX","4.5 X 22mm RELINE CERVICAL SHANK - THORACIC",2785.00000000,2949.00000000,Shank,365.846411,384.00000000
NV14218,"1906671",RELINE CERVICAL MA SCREW TULIP,2787.00000000,14947.00000000,Tulip,155.349086,814.00000000
