"LotNum","DrawNum","Description","SumTranQTY","SumQtyCompleted","PhaseID","SumAQLAttributed","SUMAQLAmountUpperLim"
NV14220,"1906675",RELINE CERVICAL CLIP RING FORMED,9078.00000000,127574.00000000,Clip,313.679654,4335.00000000
NV11710,"1906670",RELINE CERVICAL FA SCREW LOAD RING,9051.00000000,191413.00000000,Load,289.552039,4623.00000000
NV14280,"1906XXX","3.5 x 12mm Reline Cervical Polyaxial Screw Shank",273.00000000,273.00000000,Screw,20.000000,20.00000000
NV11741,"1790XXX","3.5 x 10mm Reline Cervical Polyaxial Screw Shank",8840.00000000,17134.00000000,Shank,1100.028334,1933.00000000
NV14253,"1665999",RELINE CERVICAL FA TULIP,9216.00000000,69598.00000000,Tulip,514.933516,3850.00000000
